package,version,snapshot_time,folder,subfolder
ACEsearch,1.0.0,2020-09-15 09:15:42,newbies,NA
acumos,0.4-0,2020-09-15 09:15:42,newbies,NA
afex,0.28-0,2020-09-15 09:15:42,inspect,NA
AGPRIS,1.0,2020-09-15 09:15:42,newbies,NA
akmbiclust,0.1.0,2020-09-15 09:15:42,newbies,NA
altmeta,3.2,2020-09-15 09:15:42,inspect,NA
animalEKF,1.1,2020-09-15 09:15:42,newbies,NA
atakrig,0.9.7,2020-09-15 09:15:42,newbies,NA
BayesianLaterality,0.1.0,2020-09-15 09:15:42,inspect,NA
BayesSPsurv,0.1.0,2020-09-15 09:15:42,newbies,NA
BeastJar,1.10.5,2020-09-15 09:15:42,newbies,NA
befproj,0.1.1,2020-09-15 09:15:42,newbies,NA
bigSurvSGD,0.0.0.9,2020-09-15 09:15:42,pretest,NA
bkmrhat,0.1.16,2020-09-15 09:15:42,newbies,NA
bmgarch,1.0.0,2020-09-15 09:15:42,newbies,NA
bravo,1.0.3,2020-09-15 09:15:42,newbies,NA
BRIDES,1.2.0,2020-09-15 09:15:42,newbies,NA
broom.helpers,1.0.0,2020-09-15 09:15:42,newbies,NA
BVARverse,0.0.1,2020-09-15 09:15:42,newbies,NA
cat2cat,0.1.2,2020-09-15 09:15:42,newbies,NA
cepiigeodist,0.1,2020-09-15 09:15:42,newbies,NA
ciccr,0.1.0,2020-09-15 09:15:42,newbies,NA
cmdfun,1.0.1,2020-09-15 09:15:42,pending,NA
cmsafops,1.0.0,2020-09-15 09:15:42,newbies,NA
CNVRG,0.1,2020-09-15 09:15:42,newbies,NA
colocalization,1.0.2,2020-09-15 09:15:42,newbies,NA
composits,0.1.0,2020-09-15 09:15:42,newbies,NA
condTruncMVN,0.0.2,2020-09-15 09:15:42,newbies,NA
contactdata,0.1,2020-09-15 09:15:42,newbies,NA
corona,0.2.0,2020-09-15 09:15:42,newbies,NA
covid19swiss,0.1.0,2020-09-15 09:15:42,newbies,NA
CovidMutations,0.1.3,2020-09-15 09:15:42,human,LH
crimeutils,0.1.0,2020-09-15 09:15:42,newbies,NA
dfrr,0.1.4,2020-09-15 09:15:42,newbies,NA
disdat,1.0-0,2020-09-15 09:15:42,newbies,NA
diseq,0.0.13,2020-09-15 09:15:42,newbies,NA
DJL,3.6,2020-09-15 09:15:42,inspect,NA
dPCP,1.0.1,2020-09-15 09:15:42,newbies,NA
DynComm,2020.1.5,2020-09-15 09:15:42,newbies,NA
eatATA,0.7.0,2020-09-15 09:15:42,newbies,NA
eatTools,0.3.6,2020-09-15 09:15:42,newbies,NA
ec50estimator,0.1.0,2020-09-15 09:15:42,newbies,NA
ech,0.1.0,2020-09-15 09:15:42,newbies,NA
EDNE.EQ,1.0,2020-09-15 09:15:42,newbies,NA
eiCompare,3.0.0,2020-09-15 09:15:42,newbies,NA
elementarz-programisty-nowosad-2020.pdf,NA,2020-09-15 09:15:42,human,
epitweetr,0.1.17,2020-09-15 09:15:42,newbies,NA
fairsubset,1.0,2020-09-15 09:15:42,newbies,NA
faux,0.0.1.5,2020-09-15 09:15:42,pending,NA
fingertipsR,1.0.5,2020-09-15 09:15:42,inspect,NA
fingertipsR,1.0.5,2020-09-15 09:15:42,newbies,NA
frailtypack,3.3.1,2020-09-15 09:15:42,inspect,NA
FuncNN,1.0,2020-09-15 09:15:42,newbies,NA
gamma,1.0.0,2020-09-15 09:15:42,newbies,NA
GARCOM,1.2.0,2020-09-15 09:15:42,newbies,NA
gauseR,1.0,2020-09-15 09:15:42,newbies,NA
gde,0.1.4,2020-09-15 09:15:42,newbies,NA
GenHMM1d,0.1.0,2020-09-15 09:15:42,newbies,NA
genset,0.1.0,2020-09-15 09:15:42,newbies,NA
GHap,2.0.0,2020-09-15 09:15:42,newbies,NA
globalKinhom,0.1.0,2020-09-15 09:15:42,newbies,NA
glvmfit,0.0.0,2020-09-15 09:15:42,newbies,NA
gmGeostats,0.10-6,2020-09-15 09:15:42,newbies,NA
GridOnClusters,0.0.8,2020-09-15 09:15:42,inspect,NA
grpCox,1.0.1,2020-09-15 09:15:42,newbies,NA
hkdatasets,0.0.2,2020-09-15 09:15:42,newbies,NA
html2R,0.1.0,2020-09-15 09:15:42,newbies,NA
htmldf,0.1.0,2020-09-15 09:15:42,newbies,NA
icesVocab,1.1.6,2020-09-15 09:15:42,newbies,NA
image.textlinedetector,0.1.0,2020-09-15 09:15:42,newbies,NA
incase,0.1.0,2020-09-15 09:15:42,newbies,NA
incidental,0.1,2020-09-15 09:15:42,newbies,NA
inldata,1.0.3,2020-09-15 09:15:42,newbies,NA
IntCal,0.1.1,2020-09-15 09:15:42,newbies,NA
inti,0.1.0,2020-09-15 09:15:42,newbies,NA
iNZightPlots,2.12.4,2020-09-15 09:15:42,newbies,NA
irt,0.1.0,2020-09-15 09:15:42,newbies,NA
IRTBEMM,1.0.4,2020-09-15 09:15:42,newbies,NA
jmvReadWrite,0.1.0,2020-09-15 09:15:42,newbies,NA
keyToEnglish,0.1.0,2020-09-15 09:15:42,newbies,NA
lefko3,2.4.2,2020-09-15 09:15:42,newbies,NA
LifeInsuranceContracts,0.0.2,2020-09-15 09:15:42,newbies,NA
lightgbm,3.0.0,2020-09-15 09:15:42,newbies,NA
LimnoPalettes,0.1.0,2020-09-15 09:15:42,newbies,NA
linne,0.0.2,2020-09-15 09:15:42,newbies,NA
lsei,1.3-0,2020-09-15 09:15:42,newbies,NA
MABOUST,1.0.0,2020-09-15 09:15:42,newbies,NA
MAPITR,1.0.5,2020-09-15 09:15:42,newbies,NA
marmap,1.0.5,2020-09-15 09:15:42,inspect,NA
medrxivr,0.0.3,2020-09-15 09:15:42,newbies,NA
metabolic,0.1.0,2020-09-15 09:15:42,newbies,NA
mlr3hyperband,0.1.0,2020-09-15 09:15:42,newbies,NA
mobr,2.0.0,2020-09-15 09:15:42,newbies,NA
mrregression,1.0.0,2020-09-15 09:15:42,newbies,NA
mvGPS,1.0.2,2020-09-15 09:15:42,newbies,NA
Neighboot,1.0.0,2020-09-15 09:15:42,newbies,NA
o2geosocial,1.0.1,2020-09-15 09:15:42,newbies,NA
onlineforecast,0.9.3,2020-09-15 09:15:42,newbies,NA
PAMmisc,1.6.1,2020-09-15 09:15:42,newbies,NA
PBIR,0.1-0,2020-09-15 09:15:42,newbies,NA
pcFactorStan,1.5.2,2020-09-15 09:15:42,inspect,NA
pdfboxr,2.0.19,2020-09-15 09:15:42,newbies,NA
pfica,0.1.0,2020-09-15 09:15:42,newbies,NA
postpack,0.5.2,2020-09-15 09:15:42,newbies,NA
PSweight,1.1.0,2020-09-15 09:15:42,inspect,NA
QCA,3.9.1,2020-09-15 09:15:42,pending,NA
r5r,0.1.0,2020-09-15 09:15:42,newbies,NA
rater,1.0.0,2020-09-15 09:15:42,newbies,NA
rBiasCorrection,0.2.2,2020-09-15 09:15:42,newbies,NA
RCGLS,1.0.3,2020-09-15 09:15:42,newbies,NA
RcppSpdlog,0.0.1,2020-09-15 09:15:42,newbies,NA
rct3,1.0.3,2020-09-15 09:15:42,newbies,NA
readabs,0.4.3.3,2020-09-15 09:15:42,inspect,NA
REPPlabShiny,0.4.0,2020-09-15 09:15:42,newbies,NA
retroharmonize,0.1.13,2020-09-15 09:15:42,newbies,NA
rinat,0.1.6,2020-09-15 09:15:42,newbies,NA
rmdcev,1.2.1,2020-09-15 09:15:42,inspect,NA
robomit,1.0.3,2020-09-15 09:15:42,newbies,NA
robservable,0.2.0,2020-09-15 09:15:42,newbies,NA
rsbp,0.1.0,2020-09-15 09:15:42,newbies,NA
rumidas,0.1.0,2020-09-15 09:15:42,newbies,NA
sanic,0.0.1,2020-09-15 09:15:42,newbies,NA
ScriptMapR,0.0.2,2020-09-15 09:15:42,newbies,NA
SDCNway,1.0.0,2020-09-15 09:15:42,newbies,NA
SE.EQ,1.0,2020-09-15 09:15:42,newbies,NA
sftrack,0.5,2020-09-15 09:15:42,inspect,NA
shattering,1.0,2020-09-15 09:15:42,newbies,NA
simfinapi,0.1.0,2020-09-15 09:15:42,newbies,NA
simscaleR,0.1.0,2020-09-15 09:15:42,newbies,NA
sivs,0.2.1,2020-09-15 09:15:42,newbies,NA
SlidingWindows,0.1.4,2020-09-15 09:15:42,newbies,NA
SLTCA,0.1.0,2020-09-15 09:15:42,newbies,NA
splmm,1.0,2020-09-15 09:15:42,newbies,NA
survivalMPLdc,0.1.0,2020-09-15 09:15:42,newbies,NA
svyVGAM,0.2,2020-09-15 09:15:42,newbies,NA
table.glue,0.0.1,2020-09-15 09:15:42,newbies,NA
testComplexity,0.1.0,2020-09-15 09:15:42,newbies,NA
testtwice,1.0.3,2020-09-15 09:15:42,newbies,NA
textshaping,0.1.0,2020-09-15 09:15:42,newbies,NA
tgp,2.4-17,2020-09-15 09:15:42,pending,NA
tidyseurat,0.1.8,2020-09-15 09:15:42,inspect,NA
tipitaka,0.1.0,2020-09-15 09:15:42,newbies,NA
topsa,0.1.0,2020-09-15 09:15:42,newbies,NA
tradestatistics,1.1,2020-09-15 09:15:42,pending,NA
treeplyr,0.1.10,2020-09-15 09:15:42,newbies,NA
usemodels,0.0.1,2020-09-15 09:15:42,newbies,NA
vlad,0.2.1,2020-09-15 09:15:42,human,UL
waves,0.1.0,2020-09-15 09:15:42,newbies,NA
wayback,0.2.4,2020-09-15 09:15:42,newbies,NA
weibull4,0.1.0,2020-09-15 09:15:42,newbies,NA
wsjplot,0.1.0,2020-09-15 09:15:42,newbies,NA
zipcodeR,0.1.0,2020-09-15 09:15:42,newbies,NA
