package,version,snapshot_time,folder,subfolder
acled.api,1.0.5,2020-09-30 11:12:41,inspect,NA
altmeta,3.2,2020-09-30 11:12:41,inspect,NA
amapGeocode,0.3.1,2020-09-30 11:12:41,newbies,NA
ausplotsR,1.2,2020-09-30 11:12:41,newbies,NA
BeastJar,1.10.5,2020-09-30 11:12:41,waiting,NA
bigSurvSGD,0.0.1,2020-09-30 11:12:41,newbies,NA
composits,0.1.0,2020-09-30 11:12:41,newbies,NA
cpp11,0.2.2,2020-09-30 11:12:41,waiting,NA
dCUR,1.0.0,2020-09-30 11:12:41,newbies,NA
DImodels,1.0,2020-09-30 11:12:41,newbies,NA
discoverableresearch,0.0.1,2020-09-30 11:12:41,newbies,NA
epitweetr,0.1.20,2020-09-30 11:12:41,newbies,NA
FoReco,0.1.0,2020-09-30 11:12:41,newbies,NA
frailtypack,3.3.2,2020-09-30 11:12:41,pending,NA
gglm,1.0.0,2020-09-30 11:12:41,newbies,NA
hdiVAR,1.0.1,2020-09-30 11:12:41,newbies,NA
inti,0.1.0,2020-09-30 11:12:41,newbies,NA
IsoCorr,1.0,2020-09-30 11:12:41,newbies,NA
LearnClust,1.0,2020-09-30 11:12:41,newbies,NA
lightgbm,3.0.0.2,2020-09-30 11:12:41,pending,NA
lmkCHK,1.0.0,2020-09-30 11:12:41,newbies,NA
lucas,1.0,2020-09-30 11:12:41,newbies,NA
mapboxapi,0.2,2020-09-30 11:12:41,newbies,NA
marmap,1.0.5,2020-09-30 11:12:41,inspect,NA
microclustr,0.1.0,2020-09-30 11:12:41,newbies,NA
mixIndependR,0.2.3,2020-09-30 11:12:41,waiting,NA
mlr3cluster,0.1.0,2020-09-30 11:12:41,newbies,NA
mlr3cluster,0.1.0,2020-09-30 11:12:41,waiting,NA
mlr3hyperband,0.1.0,2020-09-30 11:12:41,waiting,NA
mlr3misc,0.6.0,2020-09-30 11:12:41,inspect,NA
modeltime.ensemble,0.1.0,2020-09-30 11:12:41,newbies,NA
MSGARCHelm,0.1.0,2020-09-30 11:12:41,newbies,NA
msSPChelpR,0.8.5,2020-09-30 11:12:41,newbies,NA
N2R,0.1.1,2020-09-30 11:12:41,pending,NA
pkdata,0.1.0,2020-09-30 11:12:41,newbies,NA
pmlbr,0.2.0,2020-09-30 11:12:41,newbies,NA
pvldcurve,1.2.6,2020-09-30 11:12:41,newbies,NA
quantdr,1.0.0,2020-09-30 11:12:41,newbies,NA
quickerstats,0.0.1,2020-09-30 11:12:41,newbies,NA
rameritrade,0.1.2,2020-09-30 11:12:41,newbies,NA
rbibutils,1.2,2020-09-30 11:12:41,pending,NA
RcppBigIntAlgos,0.3.2,2020-09-30 11:12:41,pending,NA
REPPlabShiny,0.4.0,2020-09-30 11:12:41,pretest,NA
rgenie,1.0.0,2020-09-30 11:12:41,newbies,NA
RMixtCompUtilities,4.1.3,2020-09-30 11:12:41,waiting,NA
RRBoost,0.1,2020-09-30 11:12:41,newbies,NA
rxivistr,0.1.1,2020-09-30 11:12:41,newbies,NA
sccore,0.1.0,2020-09-30 11:12:41,newbies,NA
spDates,1.0,2020-09-30 11:12:41,newbies,NA
statgenGxE,1.0.2,2020-09-30 11:12:41,newbies,NA
stfit,0.99.8,2020-09-30 11:12:41,newbies,NA
survivalmodels,0.1.0,2020-09-30 11:12:41,newbies,NA
tsibbletalk,0.1.0,2020-09-30 11:12:41,newbies,NA
vfinputs,0.1.0,2020-09-30 11:12:41,newbies,NA
vlad,0.2.1,2020-09-30 11:12:41,human,UL
winch,0.0.1,2020-09-30 11:12:41,pretest,NA
