package,version,snapshot_time,folder,subfolder
ACEsearch,1.0.0,2020-09-27 11:11:28,newbies,NA
acled.api,1.0.4,2020-09-27 11:11:28,inspect,NA
altmeta,3.2,2020-09-27 11:11:28,inspect,NA
amapGeocode,0.2.0,2020-09-27 11:11:28,newbies,NA
anomaly,4.0.0,2020-09-27 11:11:28,inspect,NA
atakrig,0.9.7,2020-09-27 11:11:28,pending,NA
autoharp,0.0.2,2020-09-27 11:11:28,newbies,NA
bayesmove,0.1.0,2020-09-27 11:11:28,newbies,NA
BayesProject,1.0,2020-09-27 11:11:28,newbies,NA
BayesSPsurv,0.1.0,2020-09-27 11:11:28,newbies,NA
BeastJar,1.10.5,2020-09-27 11:11:28,newbies,NA
bibliometrix,3.0.3,2020-09-27 11:11:28,inspect,NA
bibtex,0.4.3,2020-09-27 11:11:28,waiting,NA
bomrang,0.7.1,2020-09-27 11:11:28,inspect,NA
clinmon,0.2.0,2020-09-27 11:11:28,newbies,NA
ConcordanceTest,0.1.0,2020-09-27 11:11:28,newbies,NA
correlation,0.4.0,2020-09-27 11:11:28,waiting,NA
covid19.analytics,2.0,2020-09-27 11:11:28,inspect,NA
covid19br,0.1.0,2020-09-27 11:11:28,pretest,NA
coxphf,1.13.1,2020-09-27 11:11:28,waiting,NA
cpp11,0.2.2,2020-09-27 11:11:28,waiting,NA
CURobustML,0.1.0,2020-09-27 11:11:28,inspect,NA
dCUR,1.0.0,2020-09-27 11:11:28,newbies,NA
DImodels,1.0,2020-09-27 11:11:28,newbies,NA
discoverableresearch,0.0.0.9000,2020-09-27 11:11:28,newbies,NA
distr6,1.4.4,2020-09-27 11:11:28,pretest,NA
drhur,0.1.0,2020-09-27 11:11:28,newbies,NA
duckdb,0.2.1-2,2020-09-27 11:11:28,waiting,NA
ecochange,1.2,2020-09-27 11:11:28,inspect,NA
edgarWebR,1.0.3,2020-09-27 11:11:28,pretest,NA
EDNE.EQ,1.0,2020-09-27 11:11:28,newbies,NA
emld,0.5.1,2020-09-27 11:11:28,inspect,NA
esquisse,0.3.1,2020-09-27 11:11:28,pretest,NA
experDesign,0.0.3,2020-09-27 11:11:28,inspect,NA
flexiblas,3.0.0,2020-09-27 11:11:28,newbies,NA
FoReco,0.1.0,2020-09-27 11:11:28,newbies,NA
frailtypack,3.3.1,2020-09-27 11:11:28,inspect,NA
frailtypack,3.3.2,2020-09-27 11:11:28,newbies,NA
globalKinhom,0.1.2,2020-09-27 11:11:28,pending,NA
graph4lg,1.0.1,2020-09-27 11:11:28,inspect,NA
GxEScanR,2.0.1,2020-09-27 11:11:28,newbies,NA
hdiVAR,1.0.1,2020-09-27 11:11:28,newbies,NA
highfrequency,0.7.0.1,2020-09-27 11:11:28,pending,NA
IBMPopSim,0.3.0,2020-09-27 11:11:28,newbies,NA
IPDfromKM,0.1.10,2020-09-27 11:11:28,newbies,NA
lazygreedy,1.0,2020-09-27 11:11:28,newbies,NA
LearnClust,1.0,2020-09-27 11:11:28,newbies,NA
lightgbm,3.0.0.1,2020-09-27 11:11:28,pending,NA
lmkCHK,1.0.0,2020-09-27 11:11:28,newbies,NA
mapboxapi,0.2,2020-09-27 11:11:28,newbies,NA
mapchina,0.1.0,2020-09-27 11:11:28,newbies,NA
MAPITR,1.1.2,2020-09-27 11:11:28,pending,NA
marmap,1.0.5,2020-09-27 11:11:28,inspect,NA
mcvis,1.0.6,2020-09-27 11:11:28,inspect,NA
medrxivr,0.0.3,2020-09-27 11:11:28,newbies,NA
mets,1.2.8.1,2020-09-27 11:11:28,newbies,NA
microclustr,0.1.0,2020-09-27 11:11:28,newbies,NA
mixIndependR,0.2.3,2020-09-27 11:11:28,waiting,NA
MLGdata,0.1.0,2020-09-27 11:11:28,pretest,NA
mlr3hyperband,0.1.0,2020-09-27 11:11:28,waiting,NA
N2R,0.1.0,2020-09-27 11:11:28,newbies,NA
nonmem2R,0.2.2,2020-09-27 11:11:28,inspect,NA
numform,0.6.2,2020-09-27 11:11:28,inspect,NA
numform,0.6.4,2020-09-27 11:11:28,pretest,NA
orloca,4.10,2020-09-27 11:11:28,inspect,NA
PMCMRplus,1.5.1,2020-09-27 11:11:28,pretest,NA
pmlbr,0.2.0,2020-09-27 11:11:28,newbies,NA
powerLATE,0.1.1,2020-09-27 11:11:28,pretest,NA
prettifyAddins,0.1.0,2020-09-27 11:11:28,newbies,NA
Qapprox,0.1.0,2020-09-27 11:11:28,inspect,NA
qdap,2.4.3,2020-09-27 11:11:28,pretest,NA
quantreg,5.69,2020-09-27 11:11:28,waiting,NA
quantreg,5.70,2020-09-27 11:11:28,waiting,NA
rameritrade,0.1.1,2020-09-27 11:11:28,pretest,NA
rbibutils,1.1.0,2020-09-27 11:11:28,pretest,NA
rgenie,1.0.0,2020-09-27 11:11:28,pretest,NA
rintimg,0.1.0,2020-09-27 11:11:28,pretest,NA
ripserr,0.1.1,2020-09-27 11:11:28,pending,NA
rMIDAS,0.1.0,2020-09-27 11:11:28,newbies,NA
robservable,0.2.0,2020-09-27 11:11:28,newbies,NA
RSC,1.3,2020-09-27 11:11:28,newbies,NA
rxivistr,0.1.1,2020-09-27 11:11:28,newbies,NA
RxODE,0.9.2-1,2020-09-27 11:11:28,inspect,NA
satin,1.0,2020-09-27 11:11:28,newbies,NA
sccore,0.1.0,2020-09-27 11:11:28,newbies,NA
shinybusy,0.2.2,2020-09-27 11:11:28,pretest,NA
sigminer,1.0.19,2020-09-27 11:11:28,inspect,NA
simfinapi,0.1.0,2020-09-27 11:11:28,newbies,NA
spDates,1.0,2020-09-27 11:11:28,newbies,NA
Spillover,0.1,2020-09-27 11:11:28,newbies,NA
statgenGxE,1.0.1,2020-09-27 11:11:28,newbies,NA
stfit,0.99.7,2020-09-27 11:11:28,newbies,NA
survival,3.2-6,2020-09-27 11:11:28,waiting,NA
tidycensus,0.10.1,2020-09-27 11:11:28,waiting,NA
TraitStats,1.0.0,2020-09-27 11:11:28,newbies,NA
treedata.table,0.1.0,2020-09-27 11:11:28,newbies,NA
treeducken,1.0.0,2020-09-27 11:11:28,newbies,NA
triangulr,1.0.0,2020-09-27 11:11:28,newbies,NA
variability,0.1.0,2020-09-27 11:11:28,newbies,NA
VarRedOpt,0.1.0,2020-09-27 11:11:28,pretest,NA
vein,0.9.0,2020-09-27 11:11:28,pending,NA
vfinputs,0.1.0,2020-09-27 11:11:28,newbies,NA
vlad,0.2.1,2020-09-27 11:11:28,human,UL
wordpressr,0.1.1,2020-09-27 11:11:28,newbies,NA
