package,version,snapshot_time,folder,subfolder
acled.api,1.0.3,2020-09-23 19:12:31,newbies,NA
acumos,0.4-0,2020-09-23 19:12:31,newbies,NA
agitated,0.0.1,2020-09-23 19:12:31,newbies,NA
akmbiclust,0.1.0,2020-09-23 19:12:31,newbies,NA
albatross,0.1-1,2020-09-23 19:12:31,newbies,NA
amapGeocode,0.1.0,2020-09-23 19:12:31,newbies,NA
animalEKF,1.1,2020-09-23 19:12:31,newbies,NA
APML,0.0.1,2020-09-23 19:12:31,newbies,NA
atakrig,0.9.7,2020-09-23 19:12:31,pending,NA
BeastJar,1.10.5,2020-09-23 19:12:31,newbies,NA
befproj,0.1.1,2020-09-23 19:12:31,newbies,NA
bRacatus,1.0.0,2020-09-23 19:12:31,newbies,NA
clinmon,0.2.0,2020-09-23 19:12:31,newbies,NA
clmsapi,0.1.1,2020-09-23 19:12:31,newbies,NA
cmsafvis,1.0.0,2020-09-23 19:12:31,newbies,NA
ConcordanceTest,0.1.0,2020-09-23 19:12:31,newbies,NA
correlation,0.4.0,2020-09-23 19:12:31,waiting,NA
coxphf,1.13.1,2020-09-23 19:12:31,waiting,NA
datimvalidation,1.0.100,2020-09-23 19:12:31,newbies,NA
densEstBayes,1.0-1,2020-09-23 19:12:31,newbies,NA
dPCP,1.0.3,2020-09-23 19:12:31,newbies,NA
driveR,0.1.0,2020-09-23 19:12:31,newbies,NA
elementarz-programisty-nowosad-2020.pdf,NA,2020-09-23 19:12:31,human,
epitweetr,0.1.19,2020-09-23 19:12:31,newbies,NA
Eunomia,1.0.1,2020-09-23 19:12:31,newbies,NA
flexiblas,3.0.0,2020-09-23 19:12:31,newbies,NA
FoReco,0.1.0,2020-09-23 19:12:31,newbies,NA
GenHMM1d,0.1.0,2020-09-23 19:12:31,newbies,NA
ggip,0.1.0,2020-09-23 19:12:31,newbies,NA
globalKinhom,0.1.1,2020-09-23 19:12:31,newbies,NA
gSeg,1.0,2020-09-23 19:12:31,pretest,NA
htmldf,0.1.0,2020-09-23 19:12:31,newbies,NA
IntCal,0.1.3,2020-09-23 19:12:31,newbies,NA
interval,1.1-0.7,2020-09-23 19:12:31,pretest,NA
inti,0.1.0,2020-09-23 19:12:31,newbies,NA
KneeArrower,1.0.0,2020-09-23 19:12:31,newbies,NA
LearnClust,1.0,2020-09-23 19:12:31,newbies,NA
maGUI,2.5,2020-09-23 19:12:31,pretest,NA
mapboxapi,0.2,2020-09-23 19:12:31,newbies,NA
mapchina,0.1.0,2020-09-23 19:12:31,newbies,NA
metamisc,0.2.3,2020-09-23 19:12:31,newbies,NA
mgee2,0.1,2020-09-23 19:12:31,newbies,NA
miRecSurv,0.0.1,2020-09-23 19:12:31,newbies,NA
MLGdata,0.1.0,2020-09-23 19:12:31,newbies,NA
mlr3hyperband,0.1.0,2020-09-23 19:12:31,newbies,NA
N2R,0.1.0,2020-09-23 19:12:31,newbies,NA
occCite,0.2.0,2020-09-23 19:12:31,newbies,NA
ojsr,0.1.2,2020-09-23 19:12:31,pretest,NA
prettifyAddins,0.1.0,2020-09-23 19:12:31,newbies,NA
quantreg,5.69,2020-09-23 19:12:31,waiting,NA
r2mlm,0.1.0,2020-09-23 19:12:31,newbies,NA
rct3,1.0.4,2020-09-23 19:12:31,newbies,NA
ripserr,0.1.1,2020-09-23 19:12:31,pending,NA
rjqpd,0.2.3,2020-09-23 19:12:31,newbies,NA
rle,0.9.2,2020-09-23 19:12:31,newbies,NA
rMIDAS,0.1.0,2020-09-23 19:12:31,newbies,NA
robservable,0.2.0,2020-09-23 19:12:31,newbies,NA
roundhouse,0.0.2,2020-09-23 19:12:31,pretest,NA
rsample,0.0.8,2020-09-23 19:12:31,recheck,NA
RVIpkg,0.1.1,2020-09-23 19:12:31,newbies,NA
SailoR,1.2,2020-09-23 19:12:31,pretest,NA
satin2,0.1,2020-09-23 19:12:31,newbies,NA
SC2API,1.0.0,2020-09-23 19:12:31,newbies,NA
SE.EQ,1.0,2020-09-23 19:12:31,newbies,NA
SemNetCleaner,1.3.0,2020-09-23 19:12:31,pretest,NA
shattering,1.0,2020-09-23 19:12:31,newbies,NA
shiny.pwa,0.2.0,2020-09-23 19:12:31,newbies,NA
simcross,0.3-6,2020-09-23 19:12:31,newbies,NA
simfinapi,0.1.0,2020-09-23 19:12:31,newbies,NA
sivs,0.2.2,2020-09-23 19:12:31,newbies,NA
sketch,1.0.2,2020-09-23 19:12:31,newbies,NA
spDates,1.0,2020-09-23 19:12:31,newbies,NA
Spillover,0.1,2020-09-23 19:12:31,newbies,NA
stfit,0.99.6,2020-09-23 19:12:31,newbies,NA
svyVGAM,0.222,2020-09-23 19:12:31,newbies,NA
topsa,0.1.0,2020-09-23 19:12:31,newbies,NA
treedata.table,0.1.0,2020-09-23 19:12:31,newbies,NA
triangulr,1.0.0,2020-09-23 19:12:31,newbies,NA
uwo4419,0.3.0,2020-09-23 19:12:31,newbies,NA
variability,0.1.0,2020-09-23 19:12:31,newbies,NA
visStatistics,0.1.1,2020-09-23 19:12:31,newbies,NA
vlad,0.2.1,2020-09-23 19:12:31,human,UL
wordpressr,0.1.0,2020-09-23 19:12:31,pretest,NA
wordpressr,0.1.1,2020-09-23 19:12:31,pretest,NA
