package,version,snapshot_time,folder,subfolder
ACEsearch,1.0.0,2020-09-25 09:11:35,newbies,NA
acled.api,1.0.3,2020-09-25 09:11:35,newbies,NA
acumos,0.4-0,2020-09-25 09:11:35,newbies,NA
agitated,0.0.1,2020-09-25 09:11:35,newbies,NA
albatross,0.1-1,2020-09-25 09:11:35,newbies,NA
altmeta,3.2,2020-09-25 09:11:35,inspect,NA
amapGeocode,0.1.0,2020-09-25 09:11:35,newbies,NA
amapGeocode,0.2.0,2020-09-25 09:11:35,newbies,NA
animalEKF,1.1,2020-09-25 09:11:35,newbies,NA
APML,0.0.1,2020-09-25 09:11:35,newbies,NA
atakrig,0.9.7,2020-09-25 09:11:35,pending,NA
autoharp,0.0.2,2020-09-25 09:11:35,newbies,NA
bayesmove,0.1.0,2020-09-25 09:11:35,newbies,NA
BayesSPsurv,0.1.0,2020-09-25 09:11:35,newbies,NA
BeastJar,1.10.5,2020-09-25 09:11:35,newbies,NA
befproj,0.1.1,2020-09-25 09:11:35,newbies,NA
bigSurvSGD,0.0.0.9,2020-09-25 09:11:35,newbies,NA
bomrang,0.7.1,2020-09-25 09:11:35,inspect,NA
bRacatus,1.0.0,2020-09-25 09:11:35,newbies,NA
CLA,0.96-1,2020-09-25 09:11:35,inspect,NA
Claddis,0.6.3,2020-09-25 09:11:35,inspect,NA
clinmon,0.2.0,2020-09-25 09:11:35,newbies,NA
clmsapi,0.1.1,2020-09-25 09:11:35,newbies,NA
correlation,0.4.0,2020-09-25 09:11:35,waiting,NA
covid19.analytics,2.0,2020-09-25 09:11:35,inspect,NA
coxphf,1.13.1,2020-09-25 09:11:35,waiting,NA
CURobustML,0.1.0,2020-09-25 09:11:35,newbies,NA
datimvalidation,1.0.100,2020-09-25 09:11:35,newbies,NA
deconvSeq,0.3.1,2020-09-25 09:11:35,newbies,NA
densEstBayes,1.0-1,2020-09-25 09:11:35,newbies,NA
DImodels,1.0,2020-09-25 09:11:35,newbies,NA
dPCP,1.0.3,2020-09-25 09:11:35,newbies,NA
dragon,1.0.3,2020-09-25 09:11:35,inspect,NA
driveR,0.1.0,2020-09-25 09:11:35,newbies,NA
duckdb,0.2.1-2,2020-09-25 09:11:35,waiting,NA
ecochange,1.2,2020-09-25 09:11:35,inspect,NA
EDNE.EQ,1.0,2020-09-25 09:11:35,newbies,NA
epitweetr,0.1.19,2020-09-25 09:11:35,newbies,NA
Eunomia,1.0.1,2020-09-25 09:11:35,newbies,NA
flexiblas,3.0.0,2020-09-25 09:11:35,newbies,NA
FoReco,0.1.0,2020-09-25 09:11:35,newbies,NA
frailtypack,3.3.1,2020-09-25 09:11:35,inspect,NA
ggip,0.1.0,2020-09-25 09:11:35,newbies,NA
globalKinhom,0.1.1,2020-09-25 09:11:35,newbies,NA
graph4lg,1.0.1,2020-09-25 09:11:35,pretest,NA
htmldf,0.1.0,2020-09-25 09:11:35,newbies,NA
IAcsSPCR,0.1.4,2020-09-25 09:11:35,newbies,NA
influential,2.0.0,2020-09-25 09:11:35,inspect,NA
IntCal,0.1.3,2020-09-25 09:11:35,newbies,NA
inti,0.1.0,2020-09-25 09:11:35,newbies,NA
lazygreedy,1.0,2020-09-25 09:11:35,newbies,NA
LearnClust,1.0,2020-09-25 09:11:35,newbies,NA
lightgbm,3.0.0.1,2020-09-25 09:11:35,inspect,NA
lmkCHK,1.0.0,2020-09-25 09:11:35,newbies,NA
localFDA,1.0.0,2020-09-25 09:11:35,newbies,NA
mapboxapi,0.2,2020-09-25 09:11:35,newbies,NA
mapchina,0.1.0,2020-09-25 09:11:35,newbies,NA
MAPITR,1.1.2,2020-09-25 09:11:35,inspect,NA
marmap,1.0.5,2020-09-25 09:11:35,inspect,NA
medrxivr,0.0.3,2020-09-25 09:11:35,newbies,NA
metabolic,0.1.0,2020-09-25 09:11:35,newbies,NA
microclustr,0.1.0,2020-09-25 09:11:35,newbies,NA
miRecSurv,0.0.1,2020-09-25 09:11:35,newbies,NA
mixIndependR,0.2.2,2020-09-25 09:11:35,waiting,NA
mixIndependR,0.2.3,2020-09-25 09:11:35,waiting,NA
mlr3hyperband,0.1.0,2020-09-25 09:11:35,newbies,NA
mrbin,1.4.3,2020-09-25 09:11:35,inspect,NA
mscstts,0.6.0,2020-09-25 09:11:35,inspect,NA
N2R,0.1.0,2020-09-25 09:11:35,newbies,NA
nsga3r,0.1.0,2020-09-25 09:11:35,newbies,NA
o2geosocial,1.0.1,2020-09-25 09:11:35,newbies,NA
pmlbr,0.2.0,2020-09-25 09:11:35,newbies,NA
prettifyAddins,0.1.0,2020-09-25 09:11:35,newbies,NA
pwrFDR,2.8.4,2020-09-25 09:11:35,inspect,NA
Qapprox,0.1.0,2020-09-25 09:11:35,newbies,NA
qtlcharts,0.12-10,2020-09-25 09:11:35,inspect,NA
quantreg,5.69,2020-09-25 09:11:35,waiting,NA
quantreg,5.70,2020-09-25 09:11:35,waiting,NA
r2mlm,0.1.0,2020-09-25 09:11:35,newbies,NA
rct3,1.0.4,2020-09-25 09:11:35,newbies,NA
rgenie,1.0.0,2020-09-25 09:11:35,newbies,NA
ripserr,0.1.1,2020-09-25 09:11:35,pending,NA
rjqpd,0.2.3,2020-09-25 09:11:35,newbies,NA
rle,0.9.2,2020-09-25 09:11:35,newbies,NA
rMIDAS,0.1.0,2020-09-25 09:11:35,newbies,NA
robservable,0.2.0,2020-09-25 09:11:35,newbies,NA
RSC,1.3,2020-09-25 09:11:35,newbies,NA
RVIpkg,0.1.1,2020-09-25 09:11:35,newbies,NA
satin2,0.1,2020-09-25 09:11:35,newbies,NA
SC2API,1.0.0,2020-09-25 09:11:35,newbies,NA
sccore,0.1.0,2020-09-25 09:11:35,newbies,NA
SE.EQ,1.0,2020-09-25 09:11:35,newbies,NA
shattering,1.0,2020-09-25 09:11:35,newbies,NA
shiny.pwa,0.2.0,2020-09-25 09:11:35,newbies,NA
simfinapi,0.1.0,2020-09-25 09:11:35,newbies,NA
sivs,0.2.2,2020-09-25 09:11:35,newbies,NA
spDates,1.0,2020-09-25 09:11:35,newbies,NA
Spillover,0.1,2020-09-25 09:11:35,newbies,NA
statgenGxE,1.0.1,2020-09-25 09:11:35,inspect,NA
stfit,0.99.6,2020-09-25 09:11:35,newbies,NA
svyVGAM,0.222,2020-09-25 09:11:35,newbies,NA
treedata.table,0.1.0,2020-09-25 09:11:35,newbies,NA
triangulr,1.0.0,2020-09-25 09:11:35,newbies,NA
txshift,0.3.4,2020-09-25 09:11:35,newbies,NA
variability,0.1.0,2020-09-25 09:11:35,newbies,NA
vein,0.9.0,2020-09-25 09:11:35,inspect,NA
visStatistics,0.1.1,2020-09-25 09:11:35,newbies,NA
vlad,0.2.1,2020-09-25 09:11:35,human,UL
