package,version,snapshot_time,folder,subfolder
acumos,0.4-0,2020-09-19 18:12:41,newbies,NA
afex,0.28-0,2020-09-19 18:12:41,inspect,NA
AGPRIS,1.0,2020-09-19 18:12:41,newbies,NA
akmbiclust,0.1.0,2020-09-19 18:12:41,newbies,NA
albatross,0.1-0,2020-09-19 18:12:41,newbies,NA
altmeta,3.2,2020-09-19 18:12:41,inspect,NA
animalEKF,1.1,2020-09-19 18:12:41,newbies,NA
atakrig,0.9.7,2020-09-19 18:12:41,pending,NA
azuremlsdk,1.10.0,2020-09-19 18:12:41,waiting,NA
bayesdfa,0.1.6,2020-09-19 18:12:41,pending,NA
BayesianLaterality,0.1.0,2020-09-19 18:12:41,newbies,NA
BayesProject,1.0,2020-09-19 18:12:41,newbies,NA
BayesSPsurv,0.1.0,2020-09-19 18:12:41,newbies,NA
bayou,2.2.0,2020-09-19 18:12:41,pending,NA
BeastJar,1.10.5,2020-09-19 18:12:41,newbies,NA
befproj,0.1.1,2020-09-19 18:12:41,newbies,NA
bigSurvSGD,0.0.0.9,2020-09-19 18:12:41,newbies,NA
bmem,1.8,2020-09-19 18:12:41,inspect,NA
bnlearn,4.6.1,2020-09-19 18:12:41,pending,NA
bomrang,0.8.0,2020-09-19 18:12:41,waiting,NA
bravo,1.0.3,2020-09-19 18:12:41,newbies,NA
BVARverse,0.0.1,2020-09-19 18:12:41,newbies,NA
carat,1.3.1,2020-09-19 18:12:41,waiting,NA
cat2cat,0.1.3,2020-09-19 18:12:41,newbies,NA
cepR,0.1.2,2020-09-19 18:12:41,inspect,NA
clmsapi,0.1.1,2020-09-19 18:12:41,newbies,NA
cmdfun,1.0.1,2020-09-19 18:12:41,pending,NA
cmsafvis,1.0.0,2020-09-19 18:12:41,newbies,NA
CNAIM,1.0.0,2020-09-19 18:12:41,newbies,NA
colocalization,1.0.2,2020-09-19 18:12:41,newbies,NA
combinedevents,0.1.0,2020-09-19 18:12:41,newbies,NA
ConcordanceTest,0.1.0,2020-09-19 18:12:41,newbies,NA
contactdata,0.1,2020-09-19 18:12:41,newbies,NA
corona,0.3.0,2020-09-19 18:12:41,newbies,NA
CSUV,0.1.1,2020-09-19 18:12:41,newbies,NA
CURobustML,0.1.0,2020-09-19 18:12:41,newbies,NA
datimvalidation,1.0.100,2020-09-19 18:12:41,newbies,NA
diseq,0.0.13,2020-09-19 18:12:41,newbies,NA
DisImpact,0.0.14,2020-09-19 18:12:41,inspect,NA
diveMove,1.5.2,2020-09-19 18:12:41,pending,NA
DMCfun,0.14.0,2020-09-19 18:12:41,inspect,NA
dPCP,1.0.3,2020-09-19 18:12:41,newbies,NA
drhur,0.1.0,2020-09-19 18:12:41,newbies,NA
duckdb,0.2.1-1,2020-09-19 18:12:41,pending,NA
DynComm,2020.1.5,2020-09-19 18:12:41,pending,NA
ecochange,1.2,2020-09-19 18:12:41,newbies,NA
economiccomplexity,1.1,2020-09-19 18:12:41,inspect,NA
EDNE.EQ,1.0,2020-09-19 18:12:41,newbies,NA
elementarz-programisty-nowosad-2020.pdf,NA,2020-09-19 18:12:41,human,
EquiSurv,0.1.0,2020-09-19 18:12:41,newbies,NA
faux,0.0.1.5,2020-09-19 18:12:41,pending,NA
FCSlib,1.2.1,2020-09-19 18:12:41,waiting,NA
FLSSS,8.6.6,2020-09-19 18:12:41,waiting,NA
frailtypack,3.3.1,2020-09-19 18:12:41,inspect,NA
fusionchartsR,0.0.1,2020-09-19 18:12:41,newbies,NA
GARCOM,1.2.0,2020-09-19 18:12:41,newbies,NA
gauseR,1.0,2020-09-19 18:12:41,newbies,NA
GenHMM1d,0.1.0,2020-09-19 18:12:41,newbies,NA
ggOceanMaps,1.0.5,2020-09-19 18:12:41,newbies,NA
GHap,2.0.0,2020-09-19 18:12:41,newbies,NA
gitgadget,0.6.0,2020-09-19 18:12:41,inspect,NA
globalKinhom,0.1.0,2020-09-19 18:12:41,newbies,NA
GxEScanR,2.0.0,2020-09-19 18:12:41,newbies,NA
HardyWeinberg,1.6.7,2020-09-19 18:12:41,inspect,NA
htmldf,0.1.0,2020-09-19 18:12:41,newbies,NA
image.textlinedetector,0.1.1,2020-09-19 18:12:41,pending,NA
inti,0.1.0,2020-09-19 18:12:41,newbies,NA
KneeArrower,1.0.0,2020-09-19 18:12:41,newbies,NA
krige,0.5.7,2020-09-19 18:12:41,inspect,NA
LearnClust,1.0,2020-09-19 18:12:41,newbies,NA
LifeInsuranceContracts,0.0.2,2020-09-19 18:12:41,newbies,NA
lightgbm,3.0.0,2020-09-19 18:12:41,newbies,NA
linne,0.0.2,2020-09-19 18:12:41,newbies,NA
LTRCforests,0.5.1,2020-09-19 18:12:41,pending,NA
MABOUST,1.0.0,2020-09-19 18:12:41,newbies,NA
MAPITR,1.0.6,2020-09-19 18:12:41,inspect,NA
mappoly,0.2.0,2020-09-19 18:12:41,newbies,NA
marmap,1.0.5,2020-09-19 18:12:41,inspect,NA
medrxivr,0.0.3,2020-09-19 18:12:41,newbies,NA
metabolic,0.1.0,2020-09-19 18:12:41,newbies,NA
metapower,0.2.0,2020-09-19 18:12:41,inspect,NA
mets,1.2.8.1,2020-09-19 18:12:41,newbies,NA
mgee2,0.1,2020-09-19 18:12:41,newbies,NA
microclustr,0.1.0,2020-09-19 18:12:41,newbies,NA
MLGdata,0.1.0,2020-09-19 18:12:41,newbies,NA
mlquantify,0.1.4,2020-09-19 18:12:41,newbies,NA
mlr3cluster,0.1.0,2020-09-19 18:12:41,newbies,NA
mlr3fselect,0.3.0,2020-09-19 18:12:41,waiting,NA
mmb,0.13.3,2020-09-19 18:12:41,newbies,NA
mobr,2.0.0,2020-09-19 18:12:41,newbies,NA
MODIStsp,2.0.3,2020-09-19 18:12:41,pretest,NA
MonteCarloSEM,0.0.1,2020-09-19 18:12:41,newbies,NA
mrregression,1.0.0,2020-09-19 18:12:41,newbies,NA
Neighboot,1.0.0,2020-09-19 18:12:41,newbies,NA
nightmares,0.0.2,2020-09-19 18:12:41,inspect,NA
npsurv,0.5-0,2020-09-19 18:12:41,newbies,NA
nspmix,1.5-0,2020-09-19 18:12:41,newbies,NA
o2geosocial,1.0.1,2020-09-19 18:12:41,newbies,NA
occCite,0.2.0,2020-09-19 18:12:41,newbies,NA
omxr,0.3.3,2020-09-19 18:12:41,newbies,NA
path.chain,0.2.0,2020-09-19 18:12:41,newbies,NA
periscope,0.5.2,2020-09-19 18:12:41,inspect,NA
QCA,3.9.1,2020-09-19 18:12:41,pending,NA
QRIpkg,0.2.0,2020-09-19 18:12:41,inspect,NA
rBiasCorrection,0.2.2,2020-09-19 18:12:41,newbies,NA
RcppSpdlog,0.0.2,2020-09-19 18:12:41,waiting,NA
rct3,1.0.3,2020-09-19 18:12:41,newbies,NA
REPPlabShiny,0.4.0,2020-09-19 18:12:41,newbies,NA
retroharmonize,0.1.13,2020-09-19 18:12:41,newbies,NA
Riemann,0.1.0,2020-09-19 18:12:41,newbies,NA
ripserr,0.1.1,2020-09-19 18:12:41,pending,NA
RJcluster,0.1.0,2020-09-19 18:12:41,newbies,NA
robservable,0.2.0,2020-09-19 18:12:41,newbies,NA
RSmallTelescopes,1.0.2,2020-09-19 18:12:41,newbies,NA
rumidas,0.1.0,2020-09-19 18:12:41,newbies,NA
RVIpkg,0.1.0,2020-09-19 18:12:41,newbies,NA
sanic,0.0.1,2020-09-19 18:12:41,newbies,NA
SC2API,1.0.0,2020-09-19 18:12:41,newbies,NA
ScriptMapR,0.0.2,2020-09-19 18:12:41,newbies,NA
SDCNway,1.0.0,2020-09-19 18:12:41,newbies,NA
SE.EQ,1.0,2020-09-19 18:12:41,newbies,NA
simcross,0.3-6,2020-09-19 18:12:41,newbies,NA
simfinapi,0.1.0,2020-09-19 18:12:41,newbies,NA
sivs,0.2.1,2020-09-19 18:12:41,newbies,NA
sketch,1.0.2,2020-09-19 18:12:41,newbies,NA
SlaPMEG,1.0.0,2020-09-19 18:12:41,newbies,NA
SlidingWindows,0.1.4,2020-09-19 18:12:41,newbies,NA
SLTCA,0.1.0,2020-09-19 18:12:41,newbies,NA
splmm,1.0,2020-09-19 18:12:41,newbies,NA
svyVGAM,0.2,2020-09-19 18:12:41,newbies,NA
T4cluster,0.1.0,2020-09-19 18:12:41,newbies,NA
taber,0.1.1,2020-09-19 18:12:41,inspect,NA
table.glue,0.0.1,2020-09-19 18:12:41,newbies,NA
testComplexity,0.1.0,2020-09-19 18:12:41,newbies,NA
tgp,2.4-17,2020-09-19 18:12:41,pending,NA
tibblify,0.1.0,2020-09-19 18:12:41,newbies,NA
tidyMicro,1.48,2020-09-19 18:12:41,waiting,NA
tipitaka,0.1.0,2020-09-19 18:12:41,newbies,NA
topsa,0.1.0,2020-09-19 18:12:41,newbies,NA
treeducken,1.0.0,2020-09-19 18:12:41,newbies,NA
twenty48,0.1.0,2020-09-19 18:12:41,newbies,NA
txshift,0.3.4,2020-09-19 18:12:41,newbies,NA
unnest,0.0.2,2020-09-19 18:12:41,newbies,NA
usemodels,0.0.1,2020-09-19 18:12:41,newbies,NA
uwo4419,0.3.0,2020-09-19 18:12:41,newbies,NA
vein,0.8.10,2020-09-19 18:12:41,pending,NA
vein,0.8.10,2020-09-19 18:12:41,waiting,NA
vimpclust,0.1.0,2020-09-19 18:12:41,newbies,NA
vlad,0.2.1,2020-09-19 18:12:41,human,UL
wayback,0.2.4,2020-09-19 18:12:41,newbies,NA
withr,2.3.0,2020-09-19 18:12:41,waiting,NA
wordpressr,0.1.0,2020-09-19 18:12:41,newbies,NA
wordsalad,0.2.0,2020-09-19 18:12:41,newbies,NA
wsjplot,0.1.0,2020-09-19 18:12:41,newbies,NA
