package,version,snapshot_time,folder,subfolder
acumos,0.4-0,2020-09-21 12:14:30,newbies,NA
AGPRIS,1.0,2020-09-21 12:14:30,newbies,NA
akmbiclust,0.1.0,2020-09-21 12:14:30,newbies,NA
albatross,0.1-0,2020-09-21 12:14:30,newbies,NA
altmeta,3.2,2020-09-21 12:14:30,inspect,NA
azuremlsdk,1.10.0,2020-09-21 12:14:30,waiting,NA
BayesianLaterality,0.1.0,2020-09-21 12:14:30,newbies,NA
BayesProject,1.0,2020-09-21 12:14:30,newbies,NA
BeastJar,1.10.5,2020-09-21 12:14:30,newbies,NA
befproj,0.1.1,2020-09-21 12:14:30,newbies,NA
bigSurvSGD,0.0.0.9,2020-09-21 12:14:30,newbies,NA
boot.heterogeneity,0.1.1,2020-09-21 12:14:30,inspect,NA
brant,0.3-0,2020-09-21 12:14:30,pretest,NA
bravo,1.0.3,2020-09-21 12:14:30,newbies,NA
BVARverse,0.0.1,2020-09-21 12:14:30,newbies,NA
carat,1.3.1,2020-09-21 12:14:30,waiting,NA
cat2cat,0.1.3,2020-09-21 12:14:30,newbies,NA
clmsapi,0.1.1,2020-09-21 12:14:30,newbies,NA
cmsafvis,1.0.0,2020-09-21 12:14:30,newbies,NA
CNAIM,1.0.0,2020-09-21 12:14:30,newbies,NA
colocalization,1.0.2,2020-09-21 12:14:30,newbies,NA
combinedevents,0.1.0,2020-09-21 12:14:30,newbies,NA
ConcordanceTest,0.1.0,2020-09-21 12:14:30,newbies,NA
contactdata,0.1,2020-09-21 12:14:30,newbies,NA
corona,0.3.0,2020-09-21 12:14:30,newbies,NA
CURobustML,0.1.0,2020-09-21 12:14:30,newbies,NA
datimvalidation,1.0.100,2020-09-21 12:14:30,newbies,NA
densEstBayes,1.0-1,2020-09-21 12:14:30,newbies,NA
diseq,0.0.13,2020-09-21 12:14:30,newbies,NA
dPCP,1.0.3,2020-09-21 12:14:30,newbies,NA
drhur,0.1.0,2020-09-21 12:14:30,newbies,NA
DRIP,1.6,2020-09-21 12:14:30,pending,NA
driveR,0.1.0,2020-09-21 12:14:30,inspect,NA
duckdb,0.2.1-1,2020-09-21 12:14:30,pending,NA
ecochange,1.2,2020-09-21 12:14:30,newbies,NA
EDNE.EQ,1.0,2020-09-21 12:14:30,newbies,NA
elementarz-programisty-nowosad-2020.pdf,NA,2020-09-21 12:14:30,human,
EquiSurv,0.1.0,2020-09-21 12:14:30,newbies,NA
Eunomia,1.0.1,2020-09-21 12:14:30,newbies,NA
flexiblas,3.0.0,2020-09-21 12:14:30,newbies,NA
FLSSS,8.6.6,2020-09-21 12:14:30,pending,NA
FoReco,0.1.0,2020-09-21 12:14:30,newbies,NA
frailtypack,3.3.1,2020-09-21 12:14:30,inspect,NA
fusionchartsR,0.0.1,2020-09-21 12:14:30,newbies,NA
future,1.19.0,2020-09-21 12:14:30,waiting,NA
GARCOM,1.2.0,2020-09-21 12:14:30,newbies,NA
gauseR,1.0,2020-09-21 12:14:30,newbies,NA
GenHMM1d,0.1.0,2020-09-21 12:14:30,newbies,NA
ggip,0.1.0,2020-09-21 12:14:30,inspect,NA
ggOceanMaps,1.0.5,2020-09-21 12:14:30,newbies,NA
GxEScanR,2.0.0,2020-09-21 12:14:30,newbies,NA
HSAUR2,1.1-18,2020-09-21 12:14:30,inspect,NA
HSAUR2,1.1-18,2020-09-21 12:14:30,publish,NA
HSAUR3,1.0-10,2020-09-21 12:14:30,inspect,NA
image.textlinedetector,0.1.1,2020-09-21 12:14:30,pending,NA
KneeArrower,1.0.0,2020-09-21 12:14:30,newbies,NA
lasso2,1.2-21,2020-09-21 12:14:30,inspect,NA
LearnClust,1.0,2020-09-21 12:14:30,newbies,NA
LifeInsuranceContracts,0.0.2,2020-09-21 12:14:30,newbies,NA
MABOUST,1.0.0,2020-09-21 12:14:30,newbies,NA
mapchina,0.1.0,2020-09-21 12:14:30,newbies,NA
mappoly,0.2.0,2020-09-21 12:14:30,newbies,NA
marmap,1.0.5,2020-09-21 12:14:30,inspect,NA
mc.heterogeneity,0.1.2,2020-09-21 12:14:30,inspect,NA
medrxivr,0.0.3,2020-09-21 12:14:30,newbies,NA
metabolic,0.1.0,2020-09-21 12:14:30,newbies,NA
mgee2,0.1,2020-09-21 12:14:30,newbies,NA
microclustr,0.1.0,2020-09-21 12:14:30,newbies,NA
MLGdata,0.1.0,2020-09-21 12:14:30,newbies,NA
mlquantify,0.1.4,2020-09-21 12:14:30,newbies,NA
mlr3cluster,0.1.0,2020-09-21 12:14:30,newbies,NA
mlr3fselect,0.3.0,2020-09-21 12:14:30,waiting,NA
mmb,0.13.3,2020-09-21 12:14:30,newbies,NA
MonteCarloSEM,0.0.1,2020-09-21 12:14:30,newbies,NA
mrregression,1.0.0,2020-09-21 12:14:30,newbies,NA
N2R,0.1.0,2020-09-21 12:14:30,newbies,NA
o2geosocial,1.0.1,2020-09-21 12:14:30,newbies,NA
occCite,0.2.0,2020-09-21 12:14:30,newbies,NA
omxr,0.3.3,2020-09-21 12:14:30,newbies,NA
path.chain,0.2.0,2020-09-21 12:14:30,newbies,NA
quanteda,2.1.2,2020-09-21 12:14:30,waiting,NA
rBiasCorrection,0.2.2,2020-09-21 12:14:30,newbies,NA
rct3,1.0.3,2020-09-21 12:14:30,newbies,NA
REPPlabShiny,0.4.0,2020-09-21 12:14:30,newbies,NA
Riemann,0.1.0,2020-09-21 12:14:30,newbies,NA
RJcluster,0.1.0,2020-09-21 12:14:30,newbies,NA
rle,0.9.2,2020-09-21 12:14:30,newbies,NA
rMIDAS,0.1.0,2020-09-21 12:14:30,newbies,NA
robservable,0.2.0,2020-09-21 12:14:30,newbies,NA
RSmallTelescopes,1.0.2,2020-09-21 12:14:30,newbies,NA
rumidas,0.1.0,2020-09-21 12:14:30,newbies,NA
RVIpkg,0.1.1,2020-09-21 12:14:30,newbies,NA
sanic,0.0.1,2020-09-21 12:14:30,newbies,NA
SC2API,1.0.0,2020-09-21 12:14:30,newbies,NA
SDCNway,1.0.0,2020-09-21 12:14:30,newbies,NA
SE.EQ,1.0,2020-09-21 12:14:30,newbies,NA
shiny.pwa,0.2.0,2020-09-21 12:14:30,newbies,NA
simcross,0.3-6,2020-09-21 12:14:30,newbies,NA
simfinapi,0.1.0,2020-09-21 12:14:30,newbies,NA
sketch,1.0.2,2020-09-21 12:14:30,newbies,NA
SlaPMEG,1.0.0,2020-09-21 12:14:30,newbies,NA
SLTCA,0.1.0,2020-09-21 12:14:30,newbies,NA
SmallCountRounding,0.5.0,2020-09-21 12:14:30,inspect,NA
spDates,1.0,2020-09-21 12:14:30,newbies,NA
stfit,0.99.6,2020-09-21 12:14:30,newbies,NA
svyVGAM,0.2,2020-09-21 12:14:30,newbies,NA
T4cluster,0.1.0,2020-09-21 12:14:30,newbies,NA
testComplexity,0.1.0,2020-09-21 12:14:30,newbies,NA
tibblify,0.1.0,2020-09-21 12:14:30,newbies,NA
tidyMicro,1.48,2020-09-21 12:14:30,waiting,NA
tidystats,0.5,2020-09-21 12:14:30,pretest,NA
timereg,1.9.8,2020-09-21 12:14:30,inspect,NA
tipitaka,0.1.0,2020-09-21 12:14:30,newbies,NA
topsa,0.1.0,2020-09-21 12:14:30,newbies,NA
treeducken,1.0.0,2020-09-21 12:14:30,newbies,NA
triangulr,1.0.0,2020-09-21 12:14:30,newbies,NA
twenty48,0.1.0,2020-09-21 12:14:30,newbies,NA
txshift,0.3.4,2020-09-21 12:14:30,newbies,NA
unnest,0.0.2,2020-09-21 12:14:30,newbies,NA
usemodels,0.0.1,2020-09-21 12:14:30,newbies,NA
uwo4419,0.3.0,2020-09-21 12:14:30,newbies,NA
vein,0.8.10,2020-09-21 12:14:30,pending,NA
vimpclust,0.1.0,2020-09-21 12:14:30,newbies,NA
vlad,0.2.1,2020-09-21 12:14:30,human,UL
withr,2.3.0,2020-09-21 12:14:30,waiting,NA
wordpressr,0.1.0,2020-09-21 12:14:30,newbies,NA
wordsalad,0.2.0,2020-09-21 12:14:30,newbies,NA
